{"T1030": {"314": {"type": "file", "nlp": ["msdn[.]cloud", "sample"], "ioc": []}, "307": {"type": "actor", "nlp": ["actors"], "ioc": []}, "309": {"type": "network", "nlp": ["c2"], "ioc": []}, "310": {"type": "network", "nlp": ["server"], "ioc": []}}, "T1059": {"299": {"type": "file", "nlp": ["stream"], "ioc": []}, "292": {"type": "network", "nlp": ["c2"], "ioc": []}, "277": {"type": "executable", "nlp": ["stager", "command", "communicate", "functionality"], "ioc": []}}, "T1071": {"299": {"type": "file", "nlp": ["stream"], "ioc": []}, "292": {"type": "network", "nlp": ["c2"], "ioc": []}, "277": {"type": "executable", "nlp": ["stager", "command", "communicate", "functionality"], "ioc": []}}, "T1083": {"2": {"type": "actor", "nlp": ["documents", "actors"], "ioc": []}, "12": {"type": "network", "nlp": ["email"], "ioc": []}}, "T1091": {"112": {"type": "actor", "nlp": ["actors"], "ioc": []}, "121": {"type": "file", "nlp": ["file"], "ioc": []}, "114": {"type": "executable", "nlp": ["msbuild"], "ioc": []}, "118": {"type": "actor", "nlp": ["actor"], "ioc": []}}, "T1098": {"192": {"type": "network", "nlp": ["microsoft binary", "host"], "ioc": []}, "211": {"type": "file", "nlp": ["arbitrary code"], "ioc": []}, "181": {"type": "file", "nlp": ["suspects"], "ioc": []}}, "T1190": {"36": {"type": "actor", "nlp": ["actor"], "ioc": []}, "42": {"type": "network", "nlp": ["url"], "ioc": ["hxxp://droobox[.]online:80/luncher.doc"]}, "47": {"type": "file", "nlp": ["document"], "ioc": ["luncher.doc"]}, "17": {"type": "file", "nlp": ["document", "template"], "ioc": ["minutesofmeeting-2may19.docx"]}, "55": {"type": "vulnerability", "nlp": ["vulnerability"], "ioc": ["cve-2017-11882"]}}, "T1203": {"68": {"type": "vulnerability", "nlp": ["registry", "stager", "exploit", "commands"], "ioc": ["hkcu\\software\\microsoft\\windows\\currentversion"]}, "71": {"type": "file", "nlp": ["file"], "ioc": []}}, "T1204": {"2": {"type": "actor", "nlp": ["documents", "actors"], "ioc": []}, "12": {"type": "network", "nlp": ["email"], "ioc": []}}, "T1213": {"36": {"type": "actor", "nlp": ["actor"], "ioc": []}, "42": {"type": "network", "nlp": ["url"], "ioc": ["hxxp://droobox[.]online:80/luncher.doc"]}, "47": {"type": "file", "nlp": ["document"], "ioc": ["luncher.doc"]}, "17": {"type": "file", "nlp": ["document", "template"], "ioc": ["minutesofmeeting-2may19.docx"]}, "55": {"type": "vulnerability", "nlp": ["vulnerability"], "ioc": ["cve-2017-11882"]}}, "T1218": {"299": {"type": "file", "nlp": ["stream"], "ioc": []}, "292": {"type": "network", "nlp": ["c2"], "ioc": []}, "277": {"type": "executable", "nlp": ["stager", "command", "communicate", "functionality"], "ioc": []}}, "T1480": {"234": {"type": "executable", "nlp": ["script", "stager", "fruityc2", "payload"], "ioc": []}}, "T1566": {"218": {"type": "file", "nlp": ["file"], "ioc": []}, "229": {"type": "executable", "nlp": ["commands"], "ioc": []}, "222": {"type": "file", "nlp": ["file"], "ioc": []}}}