{"2": {"type": "actor", "nlp": ["actors", "documents"], "ioc": []}, "12": {"type": "network", "nlp": ["email"], "ioc": []}, "17": {"type": "file", "nlp": ["template", "document"], "ioc": ["minutesofmeeting-2may19.docx"]}, "36": {"type": "actor", "nlp": ["actor"], "ioc": []}, "42": {"type": "network", "nlp": ["url"], "ioc": ["hxxp://droobox[.]online:80/luncher.doc"]}, "47": {"type": "file", "nlp": ["document"], "ioc": ["luncher.doc"]}, "55": {"type": "vulnerability", "nlp": ["vulnerability"], "ioc": ["cve-2017-11882"]}, "68": {"type": "vulnerability", "nlp": ["exploit", "registry", "commands", "stager"], "ioc": ["hkcu\\software\\microsoft\\windows\\currentversion"]}, "71": {"type": "file", "nlp": ["file"], "ioc": []}, "112": {"type": "actor", "nlp": ["actors"], "ioc": []}, "114": {"type": "executable", "nlp": ["msbuild"], "ioc": []}, "118": {"type": "actor", "nlp": ["actor"], "ioc": []}, "121": {"type": "file", "nlp": ["file"], "ioc": []}, "143": {"type": "executable", "nlp": ["script", "macro"], "ioc": []}, "151": {"type": "file", "nlp": ["project"], "ioc": []}, "158": {"type": "system", "nlp": ["task"], "ioc": []}, "166": {"type": "file", "nlp": ["documented"], "ioc": []}, "181": {"type": "file", "nlp": ["suspects"], "ioc": []}, "192": {"type": "network", "nlp": ["host", "microsoft binary"], "ioc": []}, "211": {"type": "file", "nlp": ["arbitrary code"], "ioc": []}, "218": {"type": "file", "nlp": ["file"], "ioc": []}, "229": {"type": "executable", "nlp": ["commands"], "ioc": []}, "234": {"type": "executable", "nlp": ["script", "payload", "stager", "fruityc2"], "ioc": []}, "250": {"type": "executable", "nlp": ["script", "payload", "stager", "fruityc2"], "ioc": []}, "277": {"type": "executable", "nlp": ["command", "communicate", "functionality", "stager"], "ioc": []}, "292": {"type": "network", "nlp": ["c2"], "ioc": []}, "299": {"type": "file", "nlp": ["stream"], "ioc": []}, "307": {"type": "actor", "nlp": ["actors"], "ioc": []}, "309": {"type": "network", "nlp": ["c2"], "ioc": []}, "310": {"type": "network", "nlp": ["server"], "ioc": []}, "314": {"type": "file", "nlp": ["sample", "msdn[.]cloud"], "ioc": []}, "317": {"type": "network", "nlp": ["c2"], "ioc": []}, "335": {"type": "executable", "nlp": ["powershell empire"], "ioc": []}, "337": {"type": "file", "nlp": ["agent"], "ioc": []}, "341": {"type": "executable", "nlp": ["script", "host", "information"], "ioc": []}, "343": {"type": "network", "nlp": ["attempt"], "ioc": []}, "364": {"type": "network", "nlp": ["back", "c2", "information"], "ioc": []}, "368": {"type": "actor", "nlp": ["actor"], "ioc": []}, "222": {"type": "file", "nlp": ["file"], "ioc": []}}