{"2": {"type": "actor", "nlp": ["documents", "actors"], "ioc": []}, "12": {"type": "network", "nlp": ["email"], "ioc": []}, "17": {"type": "file", "nlp": ["document", "template"], "ioc": ["minutesofmeeting-2may19.docx"]}, "36": {"type": "actor", "nlp": ["actor"], "ioc": []}, "42": {"type": "network", "nlp": ["url"], "ioc": ["hxxp://droobox[.]online:80/luncher.doc"]}, "47": {"type": "file", "nlp": ["document"], "ioc": ["luncher.doc"]}, "55": {"type": "vulnerability", "nlp": ["vulnerability"], "ioc": ["cve-2017-11882"]}, "68": {"type": "vulnerability", "nlp": ["commands", "stager", "exploit", "registry"], "ioc": ["hkcu\\software\\microsoft\\windows\\currentversion"]}, "71": {"type": "file", "nlp": ["file"], "ioc": []}}